﻿{"paragraphs":[{"text":"%md\n# Machine Learning Assignment","user":"anonymous","dateUpdated":"2020-01-06T08:42:11+0000","config":{"colWidth":12,"fontSize":9,"enabled":true,"results":{},"editorSetting":{"language":"markdown","editOnDblClick":true,"completionKey":"TAB","completionSupport":false},"editorMode":"ace/mode/markdown","editorHide":true,"tableHide":false},"settings":{"params":{},"forms":{}},"apps":[],"jobName":"paragraph_1578300070013_1949916501","id":"20200106-084110_1885902351","dateCreated":"2020-01-06T08:41:10+0000","status":"FINISHED","progressUpdateIntervalMs":500,"focus":true,"$$hashKey":"object:543","dateFinished":"2020-01-06T08:42:19+0000","dateStarted":"2020-01-06T08:42:11+0000","results":{"code":"SUCCESS","msg":[{"type":"HTML","data":"<div class=\"markdown-body\">\n<h1>Machine Learning Assignment</h1>\n</div>"}]}},{"text":"\n%pyspark\nfrom pyspark.ml.feature  import VectorAssembler,StringIndexer\nfrom pyspark.ml import Pipeline\nfrom pyspark.ml.classification import RandomForestClassifier\nfrom pyspark.ml.evaluation import MulticlassClassificationEvaluator\n\n\n\n#dataset =spark.read.csv(\"/data/mllib/ListingCleanedFinal.csv\", header=True, mode=\"DROPMALFORMED\", inferSchema=\"true\")\ndataset =spark.read.csv(\"/data/ListingCleanedFinal.csv\", header=True, mode=\"DROPMALFORMED\", inferSchema=\"true\")\ndataset.printSchema()\nprint((dataset.count(), len(dataset.columns)))\ndataset2 = dataset.select('latitude','longitude','neighbourhood_group')\ndataset2.show(5)\nprint((dataset2.count(), len(dataset2.columns)))\n\nassembler = VectorAssembler(inputCols=[\"latitude\",\"longitude\"],outputCol=\"features\")\ndataset2 = assembler.transform(dataset2)\nlabel_stringIdx = StringIndexer(inputCol = \"neighbourhood_group\", outputCol = \"label\")\npipeline = Pipeline(stages=[label_stringIdx])\n\npipelineFit = pipeline.fit(dataset2)\ndataset3 = pipelineFit.transform(dataset2)\ndataset3.show(5)\n\ntrainingData, testingData = dataset3.randomSplit([0.8, 0.2], seed = 2018)\n\nprint(\"Training Dataset Count: \" + str(trainingData.count()))\nprint(\"Test Dataset Count: \" + str(testingData.count()))\n\nrf = RandomForestClassifier(labelCol=\"label\", \\\n                            featuresCol=\"features\", \\\n                            numTrees = 100, \\\n                            maxDepth = 4, \\\n                            maxBins = 32)\n                            \nrfModel = rf.fit(trainingData)\n\npredictions = rfModel.transform(testingData)\npredictions.filter(predictions['prediction'] == 0) \\\n    .select(\"latitude\",\"longitude\",\"neighbourhood_group\",\"probability\",\"label\",\"prediction\") \\\n    .orderBy(\"probability\", ascending=False) \\\n    .show(n = 10, truncate = 30)\n    \nevaluator = MulticlassClassificationEvaluator(predictionCol=\"prediction\")\nprint( 'Accuracy %' + str(evaluator.evaluate(predictions)* 100))   \n\n\n\n","user":"anonymous","dateUpdated":"2020-01-06T08:38:14+0000","config":{"editorSetting":{"language":"python","editOnDblClick":false,"completionKey":"TAB","completionSupport":true},"colWidth":12,"editorMode":"ace/mode/python","fontSize":9,"results":{"0":{"graph":{"mode":"table","height":374,"optionOpen":false}}},"enabled":true,"lineNumbers":true},"settings":{"params":{},"forms":{}},"results":{"code":"SUCCESS","msg":[{"type":"TEXT","data":"root\n |-- id: integer (nullable = true)\n |-- name: string (nullable = true)\n |-- host_id: integer (nullable = true)\n |-- host_name: string (nullable = true)\n |-- neighbourhood_group: string (nullable = true)\n |-- neighbourhood: string (nullable = true)\n |-- latitude: double (nullable = true)\n |-- longitude: double (nullable = true)\n |-- room_type: string (nullable = true)\n |-- price: integer (nullable = true)\n |-- minimum_nights: integer (nullable = true)\n |-- number_of_reviews: integer (nullable = true)\n |-- last_review: timestamp (nullable = true)\n |-- reviews_per_month: double (nullable = true)\n |-- calculated_host_listings_count: integer (nullable = true)\n |-- availability_365: integer (nullable = true)\n\n(7907, 16)\n+--------+---------+-------------------+\n|latitude|longitude|neighbourhood_group|\n+--------+---------+-------------------+\n| 1.44255| 103.7958|       North Region|\n| 1.33235|103.78521|     Central Region|\n| 1.44246|103.79667|       North Region|\n| 1.34541|103.95712|        East Region|\n| 1.34567|103.95963|        East Region|\n+--------+---------+-------------------+\nonly showing top 5 rows\n\n(7907, 3)\n+--------+---------+-------------------+-------------------+-----+\n|latitude|longitude|neighbourhood_group|           features|label|\n+--------+---------+-------------------+-------------------+-----+\n| 1.44255| 103.7958|       North Region| [1.44255,103.7958]|  4.0|\n| 1.33235|103.78521|     Central Region|[1.33235,103.78521]|  0.0|\n| 1.44246|103.79667|       North Region|[1.44246,103.79667]|  4.0|\n| 1.34541|103.95712|        East Region|[1.34541,103.95712]|  2.0|\n| 1.34567|103.95963|        East Region|[1.34567,103.95963]|  2.0|\n+--------+---------+-------------------+-------------------+-----+\nonly showing top 5 rows\n\nTraining Dataset Count: 6320\nTest Dataset Count: 1587\n+--------+---------+-------------------+------------------------------+-----+----------+\n|latitude|longitude|neighbourhood_group|                   probability|label|prediction|\n+--------+---------+-------------------+------------------------------+-----+----------+\n| 1.25088|103.82482|     Central Region|[0.9983122865229891,0.00168...|  0.0|       0.0|\n| 1.26603|103.81693|     Central Region|[0.9983122865229891,0.00168...|  0.0|       0.0|\n|  1.2667|103.81127|     Central Region|[0.9983122865229891,0.00168...|  0.0|       0.0|\n| 1.26801|103.81384|     Central Region|[0.9983122865229891,0.00168...|  0.0|       0.0|\n| 1.26814|103.81507|     Central Region|[0.9983122865229891,0.00168...|  0.0|       0.0|\n|  1.2693|103.82509|     Central Region|[0.9983122865229891,0.00168...|  0.0|       0.0|\n| 1.27013|103.82044|     Central Region|[0.9983122865229891,0.00168...|  0.0|       0.0|\n| 1.27228|103.83413|     Central Region|[0.9983122865229891,0.00168...|  0.0|       0.0|\n| 1.27229|103.80976|     Central Region|[0.9983122865229891,0.00168...|  0.0|       0.0|\n| 1.27234|103.83224|     Central Region|[0.9983122865229891,0.00168...|  0.0|       0.0|\n+--------+---------+-------------------+------------------------------+-----+----------+\nonly showing top 10 rows\n\nAccuracy %95.9166500101\n"}]},"apps":[],"jobName":"paragraph_1578192571086_1750343409","id":"20191224-050154_742861232","dateCreated":"2020-01-05T02:49:31+0000","dateStarted":"2020-01-06T08:38:14+0000","dateFinished":"2020-01-06T08:40:38+0000","status":"FINISHED","progressUpdateIntervalMs":500,"focus":true,"$$hashKey":"object:220","runtimeInfos":{"jobUrl":{"propertyName":"jobUrl","label":"SPARK JOB","tooltip":"View in Spark web UI","group":"spark","values":["http://172.17.0.3:4040/jobs/job?id=0","http://172.17.0.3:4040/jobs/job?id=1","http://172.17.0.3:4040/jobs/job?id=2","http://172.17.0.3:4040/jobs/job?id=3","http://172.17.0.3:4040/jobs/job?id=4","http://172.17.0.3:4040/jobs/job?id=5","http://172.17.0.3:4040/jobs/job?id=6","http://172.17.0.3:4040/jobs/job?id=7","http://172.17.0.3:4040/jobs/job?id=8","http://172.17.0.3:4040/jobs/job?id=9","http://172.17.0.3:4040/jobs/job?id=10","http://172.17.0.3:4040/jobs/job?id=11","http://172.17.0.3:4040/jobs/job?id=12","http://172.17.0.3:4040/jobs/job?id=13","http://172.17.0.3:4040/jobs/job?id=14","http://172.17.0.3:4040/jobs/job?id=15","http://172.17.0.3:4040/jobs/job?id=16","http://172.17.0.3:4040/jobs/job?id=17","http://172.17.0.3:4040/jobs/job?id=18","http://172.17.0.3:4040/jobs/job?id=19","http://172.17.0.3:4040/jobs/job?id=20"],"interpreterSettingId":"spark"}}},{"text":"%pyspark\n","user":"anonymous","dateUpdated":"2020-01-05T02:49:31+0000","config":{"editorSetting":{"language":"python","editOnDblClick":false,"completionKey":"TAB","completionSupport":true},"colWidth":12,"editorMode":"ace/mode/python","fontSize":9,"results":{},"enabled":true},"settings":{"params":{},"forms":{}},"apps":[],"jobName":"paragraph_1578192571086_1117700994","id":"20191224-050945_1419334025","dateCreated":"2020-01-05T02:49:31+0000","status":"READY","errorMessage":"","progressUpdateIntervalMs":500,"$$hashKey":"object:221"}],"name":"Machine_Learning_Assignment","id":"2EVZEDHQQ","noteParams":{},"noteForms":{},"angularObjects":{"md:shared_process":[],"spark:shared_process":[]},"config":{"isZeppelinNotebookCronEnable":false,"looknfeel":"default","personalizedMode":"false"},"info":{}}